The National 9/11 Memorial & Museum,0.010043219,0.015391271,5.9680538e-06,0.8556466,0.032214377,0.08669857
Madison Square Garden,2.2852655e-05,0.018082798,5.966928e-06,0.12594147,0.046448957,0.8094979
American Museum of Natural History,2.5619902e-05,2.4040506e-05,6.689471e-06,0.69891834,0.028350122,0.27267516
Ellis Island,0.023059778,0.061735656,5.361265e-06,0.734187,0.16595683,0.01505534
New York Public Library,0.13137402,0.013234921,7.4167556e-06,0.78928316,0.061972614,0.00412792
Gulliver's Gate,2.4517938e-05,2.3006467e-05,6.40174e-06,0.73520976,0.06731378,0.19742258
Greenwich Village,0.10450993,0.51928794,0.011783908,0.14483668,0.14183,0.07775158
St. Patrick's Cathedral,0.73924226,2.4272256e-05,0.0054605743,0.15646534,0.07625945,0.022548094
"Intrepid Sea, Air & Space Museum",1.9228199e-05,0.10684295,5.020567e-06,0.60279846,0.049097903,0.2412364
The Roosevelt Island Tramway,0.31713843,0.019152833,0.0026920254,0.01503804,0.5741036,0.07187505
Chelsea Market,0.027299982,0.8413262,6.1273936e-06,0.07310694,0.020485649,0.03777519
The Oculus,0.4908427,0.08794174,7.63947e-06,0.24610351,0.15730236,0.017802007
Bloomingdale's,0.43184155,0.22007343,6.1214814e-06,0.11870415,3.6394307e-05,0.22933832
Madame Tussauds New York,0.020900108,0.059028026,6.125552e-06,0.5621403,3.641488e-05,0.35788903
Friends Building,0.13444498,0.30538362,7.0980022e-06,0.23233755,0.15361428,0.1742125
Museum of Illusions,2.5648505e-05,0.025288984,6.6969374e-06,0.5133725,3.9812654e-05,0.4612664
Wollman Rink,2.3107845e-05,0.00942837,0.0036874188,0.030283842,0.40894347,0.5476338
Lincoln Square,0.09534803,0.27494964,0.043600745,0.03900331,0.2427344,0.30436385
David H. Koch Theater,6.184428e-05,5.803174e-05,0.036253933,0.13029589,0.019805767,0.8135246
Gapstow Bridge,0.00021672496,0.0002033644,5.6587814e-05,0.1214506,0.8778329,0.00023985408
Hans Christian Andersen Statue,0.112002194,6.9110334e-05,1.9230527e-05,0.34242576,0.533564,0.011919682
Helen Hayes Theatre,3.4367702e-05,3.2249027e-05,8.973557e-06,0.05487712,0.01870004,0.92634726
Greeley Square Park,0.09026394,0.51474077,1.3368771e-05,0.0056857634,0.3299703,0.059325892
Gramercy Park,0.16480899,0.022573309,8.309174e-06,0.16321991,0.5388498,0.110539734
The Players Theatre,0.02488623,0.07600218,1.5892614e-05,0.09180664,9.447248e-05,0.8071946
Greenflea Flea Market,0.025278732,0.7630708,1.2574418e-05,0.12681502,7.475347e-05,0.08474807
Statue of Confucius,0.07519111,0.2577198,0.014537006,0.21237886,0.40688977,0.033283412
American Merchant Marines Memorial,0.00013181072,0.121608816,0.032343637,0.39133286,0.4052709,0.04931198
The Governors Ball Music Festival,0.0005702978,0.1452284,0.00014890733,0.0015921354,0.055039044,0.7974212
Alphabet City,0.23816563,0.53660154,0.02458164,0.00039989356,0.18488334,0.015368005
Conservatory Water,8.602218e-05,0.071502104,2.2460761e-05,0.086334966,0.70036256,0.14169188
Rockefeller Plaza Manhattan New York City,0.29287657,0.16171232,0.054231882,0.0010494161,0.37184966,0.11828013
Delacorte Clock,0.00053128746,0.00049853453,0.0001387214,0.10042161,0.5017911,0.39661872
Jean Dubuffet - Group of Four Trees,0.0004442685,0.030268613,0.0001160004,0.50448287,0.4641966,0.00049168064
Cunard Building,0.36597255,0.120035835,9.204605e-05,0.15518,0.14800619,0.21071337
Center for Jewish History,0.044378746,0.014281848,0.04014856,0.86763465,0.00021652736,0.033339646
Marilyn Monroe's subway grate,0.21108893,0.227778,6.4153326e-05,0.22763704,0.27606273,0.05736915
The Drawing Center,0.0005445294,0.13428827,0.00014217908,0.8117467,0.00084515294,0.052433174
Church of St. Francis Xavier,0.74402755,0.00047817672,0.00013305657,0.25400618,0.0007910857,0.0005639793
26th Street Flea Market,0.00025543888,0.8261605,6.669619e-05,0.10936851,0.0003964652,0.063752435
One Chase Manhattan Plaza,0.9767042,0.003283525,0.0009136683,0.009794776,0.0054311627,0.003872675
Nuyorican Poet's Cafe,0.03516248,0.03575899,1.391934e-05,0.16974226,8.275487e-05,0.75923955
Miriam and Ira D. Wallach Art Gallery,0.065055326,0.00033005528,0.19785649,0.6308123,0.00054609915,0.10539972
Lady Liberty,0.00025155226,0.00023604473,6.568141e-05,0.4095384,0.2631598,0.32674858
Aqueduct Race Track,0.06621377,0.085551545,2.0276437e-05,0.00021782567,0.17833884,0.66965777
Dante Park,0.00038738054,0.08056051,0.00010114676,0.07002569,0.7364946,0.11243063
Carnegie Hill,0.37534514,0.07762739,5.1318963e-05,0.236739,0.062463056,0.24777405
Merkin Concert Hall,0.00023021598,0.0002160234,6.0110313e-05,0.091200024,0.00035731288,0.90793633
The Studio Museum in Harlem,0.033663686,0.050818082,0.0041006603,0.7480635,6.195034e-05,0.16329214
"New Era Factory Outlet, Inc.",0.4159482,0.16771467,0.00010991144,0.0011826784,0.0006534353,0.41439104
Joker Stairs,0.06362567,0.32298356,0.00020027474,0.25690585,0.25752905,0.098755546
Beresford,0.6687213,0.00043871562,0.00012207626,0.109184355,0.00072572584,0.22080788
Christ Church,0.83480114,0.00081455684,0.00022665724,0.0024390123,0.16075791,0.0009607193
America's Response Monument,0.00074009184,0.0006944671,0.00019324127,0.48470417,0.5128489,0.00081907347
Astor Place,0.21041314,0.24926719,0.00021298292,0.2729253,0.13164848,0.13553292
Barrymore Theater,0.022077441,6.006385e-05,1.6713258e-05,0.13456656,0.0065999515,0.8366793
Wagner Cove,0.00053834636,0.07684935,0.00014056463,0.0015101949,0.90122163,0.019739931
Throgs Neck Bridge,0.00027441478,0.10786959,7.1650895e-05,0.00077269017,0.6014538,0.28955784
National Park Service - Information Center on Liberty Island,0.00023312171,0.05659984,6.08691e-05,0.52037,0.29750028,0.12523594
De Witt Clinton Park,0.0003267164,0.00030657504,8.530705e-05,0.22751957,0.5783068,0.19345504
Christopher Columbus Statue,0.26658264,0.0005293272,0.012695793,0.03422654,0.6853414,0.00062430254
Skirball Center for the Performing Arts at NYU,0.00016269578,0.0932183,0.053714737,0.09561805,0.00025256173,0.7570337
National Academy of Design Museum,0.04004121,0.024077486,4.1088737e-05,0.89644563,0.00024426606,0.039150298
Ralph Bunche Park,0.25685632,0.055594258,9.025425e-05,0.37451053,0.31256613,0.00038255384
The Ansonia,0.5537808,0.00053646154,0.00014927487,0.40334058,0.00088744017,0.041305445
Italian American Museum,0.020029014,0.20674264,4.8628815e-05,0.7726845,0.00028909495,0.00020611883
79th Street Boat Basin,0.02019293,0.31239706,0.028510919,0.017414995,0.53957057,0.08191349
Alexander Hamilton Statue,0.03730061,0.00027007272,7.514999e-05,0.41106027,0.41700038,0.13429348
Inwood Park,0.00015916275,0.13022439,4.1558083e-05,0.089031465,0.6612412,0.119302265
The Chanin Building,0.30418974,0.0005366126,0.04064664,0.49420655,0.15978755,0.0006328956
I Heart Radio Theater,0.00037407936,0.00035101807,9.767371e-05,0.13085255,0.034965362,0.83335936
The Northern Dispensary,0.3100792,0.09866919,0.015469732,0.57507765,0.00041109862,0.00029309257
Sperone Westwater,0.15288942,0.00080989284,0.00022535944,0.84378046,0.0013396122,0.0009552099
Logos Bookstore,0.00069451483,0.46835902,0.00018134074,0.3570815,0.06681339,0.10687024
New York Grand Opera,0.21946289,0.00048466,0.06309285,0.3843597,0.00080172234,0.3317982
Canyon of Heroes,0.0012651335,0.0011871409,0.00033033182,0.2130348,0.52227354,0.26190904
Greater Zion Hill Baptist Church,0.52499765,0.0016228235,0.00045156418,0.26348874,0.002684625,0.20675458
Giuseppe Garibaldi Statue,0.0009628447,0.05691927,0.00025140308,0.439693,0.5011079,0.0010655994
The Lowline Lab,0.00028502813,0.058306936,7.442197e-05,0.67611533,0.19985534,0.06536295
Church of the Holy Trinity,0.5125279,0.00026745957,7.4422846e-05,0.24370387,0.24311097,0.00031545025
Castle Williams,0.00029800582,0.0002796346,7.7810655e-05,0.42893606,0.39470682,0.17570165
The Broken Kilometer,0.07963935,0.07285549,0.00010449581,0.8463365,0.0006212377,0.00044291702
Foxwoods Theater,5.4367385e-05,5.101577e-05,0.046098173,0.04260024,0.01380017,0.897396
Grey Art Gallery NYU,0.00048192122,0.00045221197,0.032385644,0.8346841,0.13146286,0.00053335197
William Cullen Bryant Statue,0.00027179727,0.00025504158,7.0967435e-05,0.54628724,0.39734173,0.055773236
Port Authority Bus Terminal,0.6921634,0.00026190854,7.2878225e-05,0.08418253,0.00043330505,0.22288595
Larry's Freewheeling,0.11451285,0.22380354,7.08541e-05,0.0441021,0.17694357,0.44056708
China Institute,0.04719964,0.050824862,0.016393853,0.87603277,0.009168972,0.00037988496
Fantasy Forest Amusement Park at the Flushing Meadows Carousel,0.00015662215,0.00014696688,4.0894738e-05,0.111516826,0.30395848,0.58418024
Citicorp Center,0.3421966,0.1344556,9.2155744e-05,0.19571894,0.18082024,0.14671645
Church of Our Lady of Guadalupe,0.7102159,0.00045543088,0.0001267274,0.1802754,0.00075331924,0.10817322
Ancient Playground,0.0003632727,0.00034087765,9.485204e-05,0.19448596,0.32925063,0.4754644
Pier 34,0.11729098,0.00046845246,0.00013035075,0.113220535,0.60855335,0.16033633
St. Jean Baptiste Roman Catholic Church,0.7297306,0.0003547753,9.871918e-05,0.22103152,0.04836601,0.0004184321
Peace Fountain - Friedensbrunnen,0.2999876,0.0002806869,7.810344e-05,0.25366476,0.4456578,0.00033105238
City Cinema 123,0.02021222,0.00021845587,6.0787155e-05,0.03542028,0.023783727,0.9203046
New York City Opera,0.00021931587,0.00020579553,0.1608588,0.25056657,0.00034043967,0.5878091
Life Underground,0.41024652,0.00032811327,9.130024e-05,0.41945273,0.0995267,0.07035465
The New York Mosque,0.3480231,0.030352075,9.017696e-05,0.6206164,0.0005360927,0.00038222648
2120: An Art Experience at Portion Gallery,0.00043147503,0.21345246,0.00011266008,0.5805896,0.0006697632,0.2047441
New York Society Library,0.0006323678,0.00059338385,0.00016511399,0.88015115,0.117758155,0.0006998569
Soldiers' and Sailors Monument New York,0.030514017,0.038965885,4.564958e-05,0.24396805,0.6863129,0.00019349092
Theodore Roosevelt Park,0.00026827198,0.0710055,7.004701e-05,0.17939709,0.74896216,0.00029690226
Institute for the Study of the Ancient World,0.023030492,0.037973877,0.025042232,0.8661243,0.00012418836,0.047704957
Ukrainian Museum,0.03847285,0.044841655,0.05489114,0.83879167,0.0071890224,0.015813667
Guardians Superhero Sculptures,0.00093397807,0.00087640056,0.00024386575,0.70841205,0.2465035,0.04303022
Poster House,0.041011747,0.00013327033,3.7083573e-05,0.95844024,0.00022044021,0.00015718325
53rd Street Public Library,0.17187214,0.00037067474,0.0001031433,0.53730094,0.00061319605,0.28973988
Tribeca Film Festival,0.00026506616,0.00024872547,0.012441554,0.16861804,0.00041140264,0.8180152
New York City Aids Memorial,0.00066744105,0.029126707,0.00017427171,0.784283,0.18500997,0.0007386723
Holy Cross Church,0.6786351,0.00084661413,0.00023557746,0.0025407113,0.15890016,0.1588418
Fort Schuyler,0.0008675937,0.0639154,0.07881374,0.7025791,0.15286407,0.0009601827
Stephen A. Schwarzman Building,0.09390591,0.00026848933,7.470939e-05,0.8279046,0.07752967,0.00031666388
Arcadia Earth,0.00020122918,0.03198025,5.2541818e-05,0.7005892,0.00031237668,0.26686442
Mickey The True Original Exhibition,0.00040010203,0.00037543676,0.00010446839,0.5008471,0.0006210653,0.49765188
Grolier Club,0.00022757835,0.02871602,0.039742053,0.88777477,0.00035322746,0.043186344
Roosevelt Island Historical Society Visitor Center Kiosk,0.101230286,0.14772405,9.810229e-05,0.12608978,0.624442,0.00041581766
The San Remo,0.7352996,0.0005815503,0.040545143,0.06488291,0.15800492,0.00068589643
American Irish Historical Society,0.09860401,0.00012887773,3.5861296e-05,0.702431,0.00021320485,0.19858702
Strivers' Row,0.3684581,0.0003736573,0.00010397322,0.34668317,0.19966199,0.08471907
The Art Students League of New York,0.0004392978,0.1468601,0.053079344,0.7984533,0.0006818661,0.00048618088
Holy Innocents Church,0.84102,0.00045836618,0.0001275442,0.15709524,0.000758211,0.0005406108
John Jay Park,0.0002624233,0.00024624562,6.8519876e-05,0.00073809933,0.69306105,0.30562368
Pearl River,0.07629326,0.5427083,1.3529862e-05,0.18697746,0.052867003,0.14114045
The Africa Center,0.00057150866,0.3023641,0.00014922334,0.3608176,0.00088729983,0.33521026
Memorial Baptist Church,0.15225855,0.00062329246,0.00017343633,0.46379435,0.0010309657,0.3821194
Main Street Park,0.0022760942,0.39624622,0.00059429824,0.006407323,0.5919571,0.002518999
Kelly Temple,0.58008116,0.0010430061,0.0002902251,0.07893172,0.0017251597,0.33792874
Pulitzer Fountain,0.0006925177,0.0006498255,0.00018081936,0.21898212,0.7787283,0.00076642213
Father Duffy statue,0.18438919,0.0002358802,6.563561e-05,0.31888458,0.34266055,0.15376413
75 1/2 Bedford Street,0.36799645,0.30661172,0.0014866961,0.30876717,0.008836465,0.006301507
Sara D Roosevelt Park,0.0003220645,0.28141013,8.4092426e-05,0.15972193,0.39109993,0.16736184
Daryl Roth Theatre,0.00011700356,0.082322285,3.0550113e-05,0.13472106,0.00018161943,0.78262746
Salmagundi Museum of American Art,0.070393905,0.084243566,5.398924e-05,0.7034048,0.00032096374,0.14158286
Manhattan Waterfront Greenway,0.1096688,0.091975495,0.01917812,0.00023685649,0.7251612,0.053779524
Artists & Fleas,0.05781344,0.64069045,9.101728e-05,0.3004783,0.0005410535,0.00038578777
St. John the Baptist Church,0.63262784,0.00027994983,7.7898374e-05,0.1811497,0.18553443,0.00033018168
Kirk Theatre,0.00019386166,0.00018191052,5.0618117e-05,0.09666222,0.0003008996,0.9026105
Lucille Lortel Theatre,0.000103959894,0.0073968787,2.7144382e-05,0.16333316,0.0001613686,0.82897747
Tweed Courthouse,0.40493017,0.043644723,0.017383166,0.47843748,0.04430303,0.011301421
Robert F. Kennedy Bridge,0.11788472,0.10360599,3.1274914e-05,0.16535068,0.47273773,0.14038958
Bartman Statue,0.04366526,0.0003038988,0.026042486,0.3690162,0.40507293,0.1558992
Masjid Malcolm Shabazz Mosque,0.0020834662,0.0019550256,0.0005440023,0.66675186,0.27521995,0.053445715
Museo de la Estatua de la Libertad,0.08001667,0.00073848094,0.00020548842,0.5581677,0.36000067,0.0008709878
Cooper Union Foundation Building,0.24665649,0.00015897972,0.0566781,0.54155517,0.03700403,0.11794727
"Machpelah Cemetery, site of Houdini's grave",0.0003923351,0.0003681485,0.00010244039,0.5284486,0.24743044,0.2232581
Asphalt Green,0.00022677006,0.05421152,5.921066e-05,0.12141765,0.36152756,0.46255735
Riverbank State Park,0.00021190425,0.049648155,0.040841352,0.0005925516,0.6609798,0.2477262
Turtle Pond,0.00051022886,0.057462636,0.00013322305,0.0014227692,0.9399065,0.0005646812
Church of the Ascension,0.79274744,0.00032616776,9.075889e-05,0.1933693,0.013081608,0.00038469295
Hudson Street,0.15075178,0.5190785,0.045716967,0.092222214,0.19196358,0.00026698504
Church of Saint Agnes,0.84836215,0.00024985737,6.9524875e-05,0.054947793,0.028857164,0.0675135
The Davenport Theatre,9.642686e-05,9.04824e-05,2.517748e-05,0.119292945,0.00014967931,0.88034534
Group of Bears Statue,0.061646335,0.03124385,5.1965744e-05,0.23111676,0.6535517,0.022389423
Attractions4Us New York City,0.057952043,0.06552863,6.9289513e-06,0.38221428,0.07254634,0.42175174
The Episcopal Church of The Heavenly Rest,0.510437,0.045012247,5.44548e-05,0.3191276,0.072903246,0.05246548
Elevated Acre,0.18884952,0.09829743,5.5150587e-05,0.117115505,0.44537547,0.15030694
Holy Trinity Greek Orthodox Cathedral,0.98588747,0.0019911572,0.0005540559,0.0059255804,0.0032933122,0.0023484246
Double Check,0.11319799,0.0006429659,0.0001789106,0.5005607,0.30315426,0.08226516
4 World Trade Center,0.24544398,0.35790274,0.02483025,0.16288403,0.20847239,0.00046658213
Highbridge Park,0.1094419,0.083497085,0.0038013035,0.037322357,0.6953681,0.070569225
Harlem Meer,0.038856238,0.06828934,6.966652e-05,0.12068632,0.5765907,0.19550772
Dyckman Farmhouse Museum,0.17345504,0.040887978,0.041626774,0.64533174,0.08283108,0.015867438
Our Lady of Pompeii,0.78448,0.13424754,0.00011314326,0.08000704,0.000672712,0.00047957405
St. Luke's Theatre,0.028829556,0.0077087968,1.8442128e-05,0.092240736,0.00010964876,0.8710928
Katharine Hepburn Garden,0.000458521,0.00043025432,0.00011972182,0.13419862,0.78040856,0.08438431
Second Avenue Subway,0.55482197,0.0001436336,3.9967246e-05,0.18748592,0.09961948,0.15788904
St. Mark's-in-the-Bowery Church,0.376334,0.00017404422,4.8429247e-05,0.5180662,0.057958458,0.047418803
MoPi - Museum of Pizza,0.043231707,0.26114932,3.135043e-05,0.36319184,0.00018635887,0.3322094
Hallett Nature Sanctuary,0.045914173,0.00013710007,3.814923e-05,0.10087987,0.852869,0.0001617
"Sadigh Gallery Ancient Art, Inc",0.022714691,0.15950477,0.00010667393,0.4997146,0.00063404924,0.31732517
Judd Foundation,0.12393631,0.005268796,0.014626575,0.703662,0.00023141332,0.1522749
The Appel Room,0.06748792,0.00015860215,0.030870277,0.026764017,0.116541505,0.7581777
Playwrights Horizons,8.5318614e-05,8.0058926e-05,2.227706e-05,0.2343471,0.028850272,0.736615
Rockaways,0.08679628,0.2509029,1.9342673e-05,0.00020825348,0.45073935,0.21133384
Union Square Metronome,0.00074868597,0.0007025311,0.00019548515,0.61915034,0.18956192,0.18964097
Marble Collegiate Church,0.64731526,0.00010833345,0.014157414,0.24711291,0.00017920538,0.091126904
Jefferson Market Library,0.25966159,0.061285414,2.3598428e-05,0.562951,0.115978375,0.000100024634
Hester Street Fair,0.06776143,0.7893722,2.403112e-05,0.025662383,0.00014285962,0.11703715
Joan of Arc Memorial,0.09158474,0.042352702,5.2329775e-05,0.17569074,0.6710082,0.019311253
American Standard Building,0.5484654,0.00034758134,9.671739e-05,0.3472801,0.103400245,0.0004099494
Saint Paul Chapel,0.47543368,0.00048107197,0.0001338623,0.41324028,0.11014371,0.0005673904
Mmuseumm,0.00043703313,0.20104277,0.000114111244,0.7188748,0.07904761,0.00048367365
Electric Zoo,0.00027094918,0.044907503,0.0045786635,0.0007615842,0.060288593,0.8891927
George M. Cohan Statue,0.07921239,0.00015480163,4.3074848e-05,0.09518828,0.35287246,0.47252896
St. Vartan Armenian Cathedral,0.49697542,0.00024299047,6.761411e-05,0.40823576,0.055524155,0.038954053
Museum of Comic and Cartoon Art MOCCA NYC,0.0002494481,0.09335437,0.046203773,0.66463417,0.011359914,0.18419833
Lever House,0.14357023,0.3773024,7.472775e-05,0.3494909,0.00044423906,0.12911744
John V. Lindsay East River Park,9.262981e-05,0.10911359,0.003872741,0.045752358,0.7569307,0.08423802
Artechouse,0.00041750516,0.08144951,0.000109012486,0.5868525,0.0006480114,0.33052346
The Immigrants,0.04623368,0.0002201395,0.028133443,0.53696424,0.3881889,0.00025963955
Graffiti Hall of Fame,0.05896835,0.09735038,0.00011334098,0.54610795,0.19510107,0.10235897
Church of the Transfiguration,0.6756469,0.020626994,0.0030598617,0.15381382,0.12040707,0.026445352
Fotografiska New York,0.06934007,0.26546007,4.746723e-05,0.66466904,0.00028216155,0.00020119551
Sloomoo Institute,0.00026478505,0.10171978,6.913656e-05,0.23039417,0.06082918,0.60672295
Taglialatella Galleries,0.00094993657,0.00089137565,0.025110057,0.6856071,0.06134066,0.2261009
Alice Tully Hall,0.13264418,0.00013690139,0.123102546,0.10468565,0.015670799,0.6237599
Urbanspace - Broadway Bites,0.045188513,0.838541,2.6020723e-05,0.00027894464,0.030924369,0.08504119
Metropolitan Life Insurance Tower,0.63208574,0.00023484066,0.0069481065,0.27040273,0.090051524,0.000276979
Korean War Veterans Memorial,0.00025192593,0.0002363954,0.014581844,0.6096466,0.37500438,0.00027881106
World Trade Center Transportation Hub,0.47041756,0.00022105633,0.006758171,0.3145313,0.20781118,0.00026072084
Shrine of St. Elizabeth Ann Bayley Seton,0.63322437,0.00023603464,6.567861e-05,0.25001267,0.11618278,0.00027838617
Tudor City Greens,0.1860759,0.0001583114,4.4051456e-05,0.1256192,0.6879158,0.00018671718
Leslie-Lohman Museum of Gay and Lesbian Art,0.12431313,0.00012291987,3.4203476e-05,0.87518144,0.00020331627,0.00014497552
El Museo del Barrio,0.11419943,0.13955331,0.017412389,0.6471723,0.014423387,0.067239225
Bryant Park,0.009844671,0.38753366,0.005645321,0.09118585,0.44541654,0.060373977
The National Arts Club,0.18375438,0.13369337,4.6433004e-05,0.5030409,0.00027604168,0.17918882
Queen of Hearts,0.14627264,0.08331023,4.980135e-06,0.13855523,0.13757049,0.49428645
GemsNY,0.00010745269,0.107364565,2.8056362e-05,0.4340763,0.012038818,0.44638485
Ninth Avenue International Food Festival,0.00037352365,0.8911516,9.752868e-05,0.0010433395,0.0005797445,0.10675426
Canal Street Market,0.00022674009,0.90564066,5.9202812e-05,0.0006324029,0.09319007,0.00025093774
Showfields,0.15009622,0.3196188,5.7837256e-05,0.3236794,0.00034381737,0.20620392
CBS Building,0.0569747,0.00020861754,5.8049554e-05,0.42143145,0.000345101,0.5209821
Tom's Diner,0.085640855,0.53101903,1.0050365e-05,0.04040177,5.9746846e-05,0.34286854
City Hall Park Visitor Information Center,0.19258127,0.11007434,0.020923467,0.14212693,0.5090134,0.02528054
Samsung 837,0.00024366927,0.2828277,6.3623105e-05,0.43674508,0.00037830757,0.27974167
Asia Society and Museum,3.7100337e-05,0.11300529,0.007375368,0.8376154,0.014237392,0.027729474
Metropolitan Transportation Authority,0.7430567,4.5530163e-05,1.2669144e-05,0.01673596,0.020192515,0.21995665
Ladies Pavilion,0.07571471,0.012846413,5.0871255e-05,0.00054552255,0.8032657,0.10757681
Orpheum Theatre,0.00013904249,0.02301273,3.6304617e-05,0.10115578,0.00021582168,0.87544036
Mount Neboh Baptist Church,0.45250455,0.00016286586,4.5318768e-05,0.27425113,0.0002694062,0.2727667
American Express 11 Tears Memorial,0.10387928,0.00018456709,5.135734e-05,0.68083614,0.19574493,0.019303733
Pier 66 Maritime,0.022587076,0.5808564,0.0212852,0.01905488,0.15342449,0.20279199
Library Way,0.055498183,0.029059064,5.2168878e-05,0.5080246,0.40714484,0.00022112402
Foley Square,0.27069983,0.00014538084,4.0453426e-05,0.4111648,0.30449948,0.013450019
Christopher Park,0.25788406,0.06387133,3.359107e-05,0.2322753,0.38319314,0.06274258
Rose Theater,0.01892689,0.00015461976,0.04180568,0.051525425,0.0002557869,0.8873316
Orchard Street,0.31114587,0.45494017,4.025996e-05,0.23346373,0.00023933046,0.0001706463
Minetta Lane Theatre,9.784221e-05,0.04579365,2.5547037e-05,0.120560974,0.0231803,0.8103417
Frank Gehry Building,0.34872368,0.046626873,0.032736987,0.22032714,0.35076973,0.000815633
The Museum of Interesting Things,0.00011977221,0.1363259,3.1273044e-05,0.712632,0.0042279153,0.14666314
Victorian Gardens,0.017526966,3.652231e-05,1.0162635e-05,0.0081524085,0.2307032,0.74357074
Japan Society,0.00012162222,0.00011412455,0.049024764,0.7296197,0.128295,0.092824735
The Church of St. Ignatius Loyola,0.72724,0.00014377266,0.03686666,0.06741384,0.00023783524,0.16809787
59E59 Theaters,4.5065433e-05,0.028973587,1.176678e-05,0.11948379,6.995235e-05,0.8514159
Dave's New york,0.14611073,0.50469655,7.936489e-05,0.09358174,0.00047176806,0.25505987
William Tecumseh Sherman Monument,0.09994,0.00027228254,0.03867461,0.25864208,0.6021499,0.0003211374
Holland Tunnel,0.4570553,0.00018516192,0.014432322,0.17263578,0.09870422,0.2569872
East River Waterfront Esplanade,0.00022410779,0.06937774,0.01321795,0.023858631,0.83588845,0.05743313
Pier 45,0.00021739435,0.13343598,0.025883911,0.00060919765,0.6589536,0.18089992
Barrow Street Theatre,5.2941235e-05,0.05530346,1.3823188e-05,0.13058846,8.2175546e-05,0.8139592
David Zwirner Gallery,0.00020159666,0.0001891688,5.263779e-05,0.8686993,0.030823275,0.10003407
St. Peter's Church,0.67524105,0.00012056452,3.3548087e-05,0.21228904,0.11217358,0.00014219752
Riverside Drive,0.23429623,0.024193214,0.009081061,0.11918444,0.61309683,0.0001482376
Laura Pels Theater,0.04103198,0.00014181157,3.9460254e-05,0.116932005,0.00023457593,0.8416202
New York City Wine & Food Festival,0.02534055,0.45224625,3.7527803e-05,0.021159293,0.00022309534,0.50099325
Hispanic Society of America,0.16806117,0.021215921,0.013505102,0.70972794,0.04386184,0.043628052
Malcolm Shabazz Harlem Market,7.635136e-05,0.4806426,1.993567e-05,0.36225468,0.00011850946,0.15688792
Fifth Avenue Presbyterian Church,0.7966914,0.023616444,0.016703648,0.1294731,0.03331198,0.00020337834
St. Nicholas Park,0.065582015,0.00013360118,0.02463198,0.11503283,0.5859627,0.20865686
Fulton Fish Market,0.041113455,0.64653546,8.997791e-05,0.1238659,0.0005349151,0.18786032
Museum of American Finance,0.06957257,0.04613919,5.028696e-06,0.8308008,2.9894018e-05,0.053452533
Mt Olivet Baptist Church,0.31662795,0.00026726938,7.436993e-05,0.064035214,0.00044209132,0.6185531
The Jefferson Market Garden,0.04638715,0.1379874,0.006092377,0.23528726,0.55438507,0.019860746
Bowery,0.2853282,0.45946112,3.1280586e-05,0.16488622,0.068003505,0.022289634
The Pond,0.0001823081,0.04063969,4.760144e-05,0.017762493,0.94116616,0.00020176388
Society of Illustrators,0.0018476868,0.17809044,0.011461084,0.73282456,5.8203572e-05,0.07571802
United Palace,0.12627624,0.000103029226,2.866874e-05,0.06575857,0.00017042569,0.8076631
The National Jazz Museum in Harlem,0.053044043,0.024231872,0.020527225,0.5867833,0.00010870431,0.31530485
Hello Panda Festival,7.039404e-05,0.14798334,1.8380197e-05,0.15022755,0.039210588,0.6624898
Mother African Methodist Episcopal Zion Church,0.51320875,0.027474046,0.00017950356,0.14499944,0.0010670098,0.31307125
Tiffany Street Clock at 5th Ave.,0.7706087,0.0004816787,0.00013403114,0.0014411445,0.2267663,0.00056810456
Tudor City,0.45795757,0.03255598,3.031593e-05,0.14265916,0.36666843,0.00012849744
Titanic Memorial Park,0.0534612,0.15672296,3.5347442e-05,0.39322266,0.396408,0.00014982413
Gagosian Gallery,0.00012977165,0.10032709,3.388394e-05,0.75455505,0.041497357,0.103456825
The American Kennel Club Museum of the Dog,5.545081e-05,0.11765386,1.4478445e-05,0.640115,0.041518953,0.20064226
Church of Saint Mary the Virgin,0.721328,5.5345594e-05,1.5400372e-05,0.12284133,0.1159567,0.039803255
PlayStation Theater,0.034613118,0.031345133,1.0028782e-05,0.023373531,0.0056282775,0.90502995
Grand Bazaar NYC,0.046598423,0.6952868,2.1856054e-05,0.15247308,0.00012993279,0.10548992
The Municipal Building,0.46651214,0.06794167,0.015353343,0.22883227,0.20701535,0.014345228
Antioch Baptist Church,0.25397694,0.0009589448,0.0002668343,0.14244956,0.0015861169,0.6007616
Schomburg Center for Research in Black Culture,0.010076105,7.5626645e-05,0.05890573,0.7898249,0.00012509486,0.14099255
New York Transit Museum,0.36114106,0.13867518,1.3732509e-05,0.43065387,8.163331e-05,0.069434494
Tompkins Square Park,0.024965977,0.25369835,0.0039076735,0.04220412,0.5075736,0.16765027
Swedish Cottage Marionette Theatre,5.8105805e-05,0.034349773,1.51716795e-05,0.1828086,0.088433005,0.69433534
Helmsley Building,0.6002577,0.0001316172,0.008686956,0.1863787,0.20438975,0.00015523318
Church of St. Paul the Apostle,0.6513725,9.952345e-05,0.019292764,0.2573484,0.03859662,0.033290196
The Armory (Track),0.106075145,6.038644e-05,0.0071724765,0.18737133,0.07771784,0.62160283
Barney's,0.37979066,0.21175642,7.754614e-06,0.14571533,0.003813092,0.25891677
New York City Vietnam Veterans Memorial Plaza,5.3192434e-05,0.0336388,1.3888772e-05,0.5792349,0.38700035,5.8869242e-05
Joey Ramone Place,0.0012657719,0.40201882,0.00033049867,0.17274155,0.0019647542,0.4216786
New Victory Theater,4.5772395e-05,4.295064e-05,1.1951372e-05,0.17320843,0.0022072652,0.82448363
Westside Theatre,0.034126673,2.8101682e-05,7.819526e-06,0.14214937,4.6486493e-05,0.8236416
Obscura Antiques & Oddities,0.012308954,0.38319555,6.805366e-06,0.39726263,0.0093734935,0.19785257
The Shed,0.037310015,0.06672807,0.027234124,0.45891306,0.06625113,0.34356362
Church of Saint Vincent Ferrer,0.8012961,0.00019443379,5.4102824e-05,0.1714461,0.00032164846,0.02668764
Modell's,0.1410931,0.32210803,1.850103e-05,0.014653069,0.00010998361,0.5220173
Elizabeth Street Garden,0.15310387,0.3365362,2.803705e-05,0.24923113,0.26098198,0.00011883838
Times Square Countdown,0.07024083,0.03541629,1.8975603e-05,0.04085921,0.09215983,0.76130486
The New York Earth Room,0.09110144,8.446883e-05,2.3504153e-05,0.61414504,0.20017618,0.09446934
Cherry Lane Theatre,0.029591726,0.12832914,1.7556442e-05,0.057060026,0.09126907,0.6937325
The Green Room 42,0.00010177788,0.21407348,0.011382227,0.0857314,0.00015797377,0.68855315
The Kneeling Fireman,0.09480737,0.00019409932,0.004909294,0.6309042,0.2689561,0.00022892641
Algonquin Hotel,0.25792572,0.21947438,0.010810179,0.13836434,2.673499e-05,0.37339863
Nicholas Roerich Museum,0.10420029,0.01732748,0.005098679,0.78578156,0.054904394,0.03268761
Diamond District,0.1619643,0.54714024,3.3154527e-05,0.1922093,0.00019708747,0.09845595
Irish Repertory Theatre,0.025366666,0.02170841,0.017559875,0.12612274,5.239661e-05,0.8091899
NY Waterway,0.3472716,0.11453096,4.7132903e-06,0.034979492,0.23068549,0.27252772
Rose Center for Earth and Space,7.458243e-05,6.998456e-05,1.9473788e-05,0.5698545,0.029874144,0.40010735
Monumento General Jose de San Martin,0.19178194,0.0003540863,9.852744e-05,0.23462218,0.57272565,0.0004176189
Dalmatian and Taxi Sculpture,0.13907443,0.107085295,0.02033223,0.21544932,0.459067,0.058991767
New York Public Library - Bloomingdale Library,0.06692414,9.203329e-05,2.5609026e-05,0.8735809,0.04726473,0.01211264
Scandinavia House,7.011476e-05,0.4719591,1.8307255e-05,0.43203658,0.000108835855,0.095807076
Sutton Place Park,0.034824446,0.112372145,8.038422e-05,0.15590374,0.69647855,0.00034071767
United States Custom House,0.120937236,4.9802504e-05,0.0042781886,0.8142727,0.05473396,0.0057280934
The Mall,0.019769179,0.15367502,2.9035753e-05,0.18212241,0.6162327,0.028171659
Heckscher Playground,6.624514e-05,0.02537316,1.72969e-05,0.010037814,0.5665061,0.3979994
Seagram Building,0.33906505,0.03571061,4.159205e-05,0.4527112,0.17229527,0.00017629286
New York Yacht Club,0.08647336,0.3195715,3.1092728e-05,0.2809225,0.00018483748,0.31281677
The Annex / Hell's Kitchen Flea Market,0.030158151,0.7708459,5.817146e-06,0.1349334,0.010375837,0.053680923
Zuccotti Park,0.15919617,0.20767188,1.6619493e-05,0.081282265,0.5141454,0.037687715
Columbus Park,0.07310333,0.30262917,1.6190814e-05,0.017649895,0.31460866,0.2919928
LuminoCity Festival,5.2409356e-05,4.9178452e-05,1.3684311e-05,0.074709676,0.14180744,0.7833676
Town Hall,0.03638141,0.0095968,0.010825343,0.1064585,5.209382e-05,0.83668584
Ford Foundation Building,0.0002564727,0.00024066179,6.6966146e-05,0.60136884,0.39778322,0.00028384358
T.J. Maxx,0.3995312,0.24351484,3.5696718e-05,0.025952421,0.00021220642,0.33075368
James A. Farley Post Office,0.3889556,5.751585e-05,1.6004262e-05,0.49715793,0.023396257,0.09041669
Church of Saint Joseph of the Holy Family,0.4728425,0.0034753461,0.00096704415,0.010288957,0.005748605,0.50667757
Agora Gallery,0.00014940536,0.00014019493,0.05929208,0.8116907,0.00023197802,0.1284957
Lincoln Tunnel,0.28693935,5.3339558e-05,1.4842175e-05,0.24333543,0.21374325,0.2559138
Fred F. French Building,0.50298685,0.030317523,3.74786e-05,0.41043565,0.056063663,0.00015885722
Church of St. Francis of Assisi,0.8103224,8.75508e-05,2.4361738e-05,0.08524891,0.072306566,0.032010194
Golden Theatre,0.012294761,2.7966482e-05,0.008861802,0.17604099,0.010349793,0.79242474
Cort Theatre,1.8387978e-05,0.02336977,0.00189573,0.080340244,0.008248022,0.8861278
Cleopatra's Needle,0.05158235,0.01794188,1.1728852e-05,0.4906904,0.41582057,0.023953056
New York Public Library for the Performing Arts,0.034631167,4.1247826e-05,0.04237418,0.66566503,0.046466634,0.21082173
Paley Center for Media,3.9123148e-05,0.0141910445,0.008800187,0.6011851,6.0727707e-05,0.37572384
The Sphere,0.07565679,9.594981e-05,0.0319057,0.5236509,0.3685775,0.0001131662
Skyscraper Museum,0.18432596,1.8612305e-05,0.002456931,0.7302907,0.061643865,0.021263927
Seventh Avenue,0.48351836,0.18826537,0.002203923,0.061671443,0.23525079,0.02909015
Museum of the American Gangster,0.022962157,0.13864362,0.0004473084,0.76987386,3.0818388e-05,0.06804222
City Hall Park,0.2066006,0.07095739,0.040914495,0.07357211,0.5982124,0.009743003
The Pershing Square Signature Center,0.007039945,0.06312748,0.025743725,0.068035275,0.029932905,0.80612075
Castle Clinton National Monument,0.032766126,0.037416577,0.0049036257,0.5894206,0.30624193,0.02925111
Stonewall National Monument,0.1865726,0.06437784,2.2429866e-05,0.40061677,0.34831527,9.507165e-05
Abyssinian Baptist Church,0.3713431,0.0016805929,7.348761e-06,0.19178826,4.3687032e-05,0.435137
Randall's Island Park,4.8042268e-05,0.031293068,1.2544045e-05,0.05136851,0.55521345,0.36206445
New York City Criminal Court,0.2604083,0.00011756706,3.2714008e-05,0.59426594,0.039025694,0.106149726
Delacorte Theater,0.0047697364,0.012539097,8.344596e-06,0.07109629,0.091572374,0.8200141
The High Bridge,0.1922004,0.07798131,0.0031504098,0.07434247,0.6027643,0.04956109
Sony Hall,5.2125917e-05,0.094186656,0.002450165,0.04100822,8.0914186e-05,0.8622219
American Folk Art Museum,0.018189153,0.0537014,5.6284307e-06,0.88523704,3.346124e-05,0.042833336
Channel Gardens,0.025347736,0.08217731,0.08408488,0.00041780758,0.80780697,0.00016527885
Kinokuniya Book Stores of America,0.009234231,0.37781382,0.013184,0.55139947,0.01378822,0.034580328
Broadhurst Theatre,1.8250976e-05,1.7125849e-05,4.76541e-06,0.06293753,0.00388058,0.9331417
South Street Seaport Museum,0.03784758,0.3179132,6.940976e-06,0.45981878,0.11147051,0.07294294
Children's Museum of the Arts,3.516679e-05,0.07871965,9.182204e-06,0.5692427,0.023467876,0.3285254
Ghostbusters Building,0.3625452,0.025011502,3.4116456e-05,0.344164,0.15669124,0.11155389
Lyceum Theatre,2.0234978e-05,1.8987545e-05,5.2834416e-06,0.037266783,0.015628664,0.94706005
New York Comic-Con,0.021042082,0.06948858,0.015568221,0.23526345,0.030927705,0.62771
Bowling Green,0.1240733,0.077391975,7.942547e-06,0.12017762,0.52207136,0.15627776
Barrymore Theatre,0.0036679285,1.7155517e-05,0.0017168619,0.1321637,0.0054453122,0.8569891
Winter Garden,0.19402121,0.1741371,0.017778622,0.11664506,0.41312632,0.08429173
Little Red Lighthouse,0.11467608,0.13641489,0.008746273,0.1642848,0.5582263,0.017651675
The Ramble,0.00017774042,0.028162671,0.0029365015,0.030778285,0.93774813,0.0001967092
Paley Park,6.1841245e-05,0.22851153,1.6147018e-05,0.12007716,0.5455683,0.10576498
Canaan Baptist Church of Christ,0.38208675,0.00032650068,9.085153e-05,0.24655177,0.0005400858,0.37040403
Holcombe Rucker Park,0.27057478,0.1503312,0.0002765379,0.0029819675,0.0016440445,0.5741915
Sotheby's,0.18012771,0.17426564,2.6811598e-05,0.5931548,0.00015938014,0.052265696
Shakespeare Garden,6.291618e-05,0.002221356,1.6427692e-05,0.07763756,0.80416924,0.11589254
Trinity Church Cemetery & Mausoleum,0.305471,5.9369155e-05,0.00923282,0.40389177,0.2586104,0.022734625
Morningside Park,0.03296626,0.06211703,0.016226357,0.00033435924,0.75533885,0.13301711
Park Avenue Armory,0.07723577,3.106364e-05,0.004787944,0.521964,0.037390877,0.3585903
Morris-Jumel Mansion,0.09987511,0.01083723,0.0098789,0.74332285,0.07192023,0.06416568
Central Synagogue,0.66200393,9.887625e-05,2.7513139e-05,0.28362334,0.00016355567,0.054082774
Astor Place Theatre,6.077445e-05,0.006015228,0.010019702,0.047070388,9.43334e-05,0.9367396
34th Street,0.6456334,0.19333917,2.1073816e-05,0.06437545,0.08228495,0.014345943
Alleva Dairy,0.029143212,0.8102779,9.499193e-06,0.0880397,5.6467255e-05,0.07247324
American Airlines Theater,0.025932716,1.962948e-05,0.0020824475,0.14767225,0.0102519905,0.81404096
MetLife Building,0.62264925,0.014635359,0.006728772,0.245209,0.0950953,0.01568232
Rockefeller Park,0.011189502,0.15212347,0.019285904,0.017653791,0.7094439,0.0903034
Grace Church,0.65722597,0.0051477733,1.1147013e-05,0.18030675,0.09526767,0.062040694
Gracie Mansion,0.039885424,0.04215357,1.2467275e-05,0.76463264,0.12700033,0.026315553
Chelsea Flea Market,0.036866408,0.81498474,1.1604342e-05,0.12733892,6.898988e-05,0.02072929
New York University,0.11346762,0.24960572,0.22858652,0.23668882,0.15094367,0.020707665
St. Patrick’s Day Parade New York City,0.29788607,0.033159576,3.587416e-05,0.06180818,0.039674155,0.5674361
The Art of the Brick by Nathan Sawaya,0.03193586,9.36417e-05,2.6056583e-05,0.9052305,0.0054564616,0.057257418
Trump Rink in Central Park,0.008170757,0.030564953,0.008559453,0.04683802,0.43958908,0.46627772
New York City Supreme Court,0.18013726,8.7792134e-05,2.442889e-05,0.77364933,0.00014524354,0.045955874
Hearst Tower,0.5515882,0.00020567213,5.7229994e-05,0.34484383,0.10306248,0.0002425755
Arthur Ashe Stadium,0.024242125,0.05422368,2.1516385e-05,0.03957099,0.00012791707,0.8818138
Mount Vernon Hotel Museum & Garden,0.14128548,0.043919727,8.009836e-06,0.65999866,0.1305234,0.024264682
Red Cube,0.23965253,9.0630536e-05,2.52187e-05,0.42386207,0.19109064,0.1452789
Holographic Studios,6.983412e-05,0.024600552,1.8233992e-05,0.75024664,0.009352397,0.21571238
ABC Carpet & Home,0.12770943,0.42199415,1.1130502e-05,0.3291601,6.616638e-05,0.12105896
Longacre Theatre,0.003907198,1.9070212e-05,0.003248534,0.065540664,0.008010446,0.9192741
Artists & Fleas at Chelsea Market,6.72414e-05,0.86485356,1.7557013e-05,0.11337705,0.00010436382,0.021580221
New York International Auto Show,0.09359911,0.13579282,0.024450121,0.15591067,0.037893116,0.5523542
Grand Masonic Lodge of New York,0.038792096,0.000105486506,0.004829926,0.9221327,0.000174489,0.033965353
H&M,0.20249012,0.28166112,8.805234e-06,0.08237711,5.2344367e-05,0.4334105
The Juilliard School,0.037643068,7.930705e-05,0.11640216,0.2449951,0.00013118619,0.6007492
Central Park's Literary Walk,0.10191944,0.021788005,1.621854e-05,0.17976269,0.660205,0.036308654
Sixth Avenue (Avenue of the Americas),0.3839195,0.19466792,0.02946602,0.061837725,0.24146344,0.08864537
Greenacre Pocket Park,0.06779631,0.1573479,0.0015044006,0.022064995,0.6774628,0.07382354
St. Bartholomew's Church,0.6530843,0.029191505,0.003017315,0.17220011,0.08261967,0.059887115
Carl Schurz Park,0.017523272,0.032720245,7.3652322e-06,0.06596855,0.8040027,0.07977784
General Electric Building,0.48955828,8.48383e-05,0.069983214,0.2725855,0.13043709,0.037351057
Joyce Theater,2.9537769e-05,0.037675466,7.712441e-06,0.16587497,4.5849636e-05,0.7963665
Hudson River Greenway,0.07155433,0.08820485,0.032223936,0.021072783,0.7342291,0.052714977
Belasco Theatre,0.02717655,1.9170582e-05,5.334373e-06,0.10467566,0.022962216,0.8451611
Fulton Center,0.620291,0.11959533,1.7248509e-05,0.07299865,0.09698566,0.090112105
Bernard B. Jacobs Theatre,0.01728612,2.4825267e-05,6.907838e-06,0.09656259,4.106619e-05,0.8860785
Convent Avenue Baptist Church,0.5146742,0.00045516907,0.00012665459,0.089764774,0.00075288286,0.39422634
Eugene O'Neill Theatre,0.020956488,1.7281012e-05,0.0027149825,0.016317185,2.8584665e-05,0.95996547
Stage 42,3.9917704e-05,3.745689e-05,0.0035063245,0.09932227,6.196567e-05,0.897032
Greater Refuge Temple,0.36357507,0.00031478153,8.7590575e-05,0.2542834,0.0005206686,0.38121846
New York City Hall,0.331343,0.035119604,0.03306057,0.44424582,0.15125863,0.004972397
The Public Theater,0.004598077,0.048055537,0.008919669,0.13879159,0.01960759,0.78002757
Palace Theatre,0.037170827,1.6465967e-05,4.5817924e-06,0.068568826,0.035341617,0.8588977
Daily News Building,0.32402113,0.00010631497,2.9583018e-05,0.54077435,0.037432604,0.09763597
Vivian Beaumont Theatre,0.006536063,2.9602546e-05,0.029765964,0.07203706,0.023436384,0.86819494
Duffy Square,0.19285645,0.036108043,1.2017818e-05,0.03164524,0.37028736,0.3690909
Inwood Hill Park,0.07899932,0.08111222,0.01432923,0.13155259,0.63309467,0.060911957
Temple Emanu-El,0.4995149,5.9210644e-05,1.6475855e-05,0.49030742,0.010032191,6.9834874e-05
Easter Parade,0.27148584,0.09426818,0.007376901,0.13399838,0.15564261,0.3372281
Museum Mile,0.23707175,7.030452e-05,1.9562816e-05,0.54202324,0.1919855,0.028829621
Nederlander Theater,0.007945146,2.001688e-05,0.0009411891,0.09334407,0.0037354468,0.8940141
Manhattan Mall,0.53624654,0.2982741,7.4383042e-06,0.048449874,4.42202e-05,0.116977826
Koreatown,0.089478105,0.7808156,6.6571124e-06,0.0994787,3.95753e-05,0.030181397
Chelsea Piers Sports & Entertainment Complex,0.008042744,0.40571636,5.678202e-06,0.057934884,0.26116803,0.26713225
Essex Street Market,0.047665678,0.84393346,0.006702877,0.05587534,0.015287875,0.030534757
First Corinthian Baptist Church,0.4576412,6.277565e-05,1.7467846e-05,0.14337502,0.000103833954,0.39879972
Brooks Atkinson Theatre,2.0512463e-05,1.9247918e-05,5.3558933e-06,0.07258731,3.183913e-05,0.9273357
Jacqueline Kennedy Onassis Reservoir,0.040639777,4.662452e-05,1.2973659e-05,0.049588945,0.90965664,5.4990393e-05
Circle In The Square Theatre,0.013940165,0.0065941866,5.1895586e-06,0.07831411,0.03300717,0.86813915
New Museum of Contemporary Art,0.007690489,0.034688413,5.545136e-06,0.81498766,0.0168411,0.1257868
"Banksy's ""Hammer Boy""",0.16290595,0.09994697,0.083083265,0.50193053,0.07925469,0.0728786
Houdini Museum of New York at Fantasma Magic,0.041175123,0.06885687,5.9157082e-06,0.56246716,3.51666e-05,0.32745972
David Geffen Hall,8.903789e-05,8.354891e-05,0.084027976,0.13475883,0.00013822503,0.7809024
Rose Mansion,0.00010006792,0.38178143,2.6128177e-05,0.27087197,0.00015532684,0.34706503
Time Warner Center,0.38851172,0.35997447,5.9572635e-06,0.046136115,0.067197114,0.1381746
August Wilson Theater,1.8861178e-05,1.7698434e-05,4.9247355e-06,0.044157296,2.9275887e-05,0.9557719
Belvedere Castle,2.4887026e-05,2.33528e-05,6.4981105e-06,0.16059119,0.7535068,0.08584731
Museum of Chinese in  America,0.017348265,0.17480676,4.5975357e-06,0.7884735,0.0074974685,0.01186941
Chelsea Hotel,0.16829273,0.15168329,2.9414767e-05,0.41431844,0.058328457,0.20734766
Museum of Arts and Design,0.07233715,0.11684383,5.4916495e-06,0.73112166,0.01181006,0.067881785
International Center of Photography Museum,0.024207521,0.03578875,5.7820666e-06,0.8547075,0.018263554,0.06702693
City Winery,0.0061490913,0.3866063,0.0026939109,0.032245643,3.373725e-05,0.57227135
The High Line Park,0.13933694,0.13971885,8.993197e-06,0.09795474,0.5896618,0.03331869
FDNY Memorial Wall,6.45141e-05,0.005489475,1.6844913e-05,0.7818336,0.18290791,0.029687658
Neil Simon Theatre,1.8371866e-05,1.7239287e-05,0.0043956083,0.051691834,0.00736511,0.9365119
Mahayana Buddhist Temple,0.2753219,0.14738482,2.4891839e-05,0.39315492,0.18400797,0.00010550685
PATH,0.6278386,0.012634395,0.0064052856,0.055830643,0.17162652,0.12566449
New York City Center,0.07757177,0.013696264,0.0157693,0.096425265,0.007132773,0.78940463
Fearless Girl,6.11971e-05,0.017144635,0.03203783,0.38997602,0.2067076,0.35407272
The Village Halloween Parade,0.00013189115,0.06430659,3.443735e-05,0.08724904,0.09782362,0.7504544
FDNY Fire Zone,0.046699762,0.17681253,0.0014736815,0.5491728,5.1917716e-05,0.22578932
East Village,0.21223927,0.5440307,0.008059183,0.068049125,0.1308035,0.0368182
Franklin D. Roosevelt Four Freedoms Park,0.13890487,1.66729e-05,0.0023181238,0.19371341,0.6502883,0.014758652
Ambassador Theatre,2.20296e-05,0.0013558273,0.0009285736,0.0650532,3.4192853e-05,0.9326062
National Museum of Mathematics,1.7723472e-05,1.6630864e-05,4.627676e-06,0.7286642,0.053063866,0.21823294
Hope Sculpture,0.047191534,0.06969109,1.71928e-05,0.22762315,0.6113557,0.044121306
Governors Island,0.016757807,0.20007007,5.9715453e-06,0.0935919,0.52229875,0.16727552
Music Box Theatre,1.8855651e-05,1.7693252e-05,4.9232945e-06,0.05218981,2.9268136e-05,0.9477395
Riverside Church,0.5747513,2.2750794e-05,0.01876916,0.20635654,0.14871591,0.05138434
Williamsburg Bridge,0.057631887,0.24496144,6.7484816e-06,0.03702207,0.62154275,0.038835067
George Washington Bridge,0.17426814,0.025188088,0.01712476,0.037301075,0.6273381,0.1187798
Booth Theatre,0.0068660243,1.8680246e-05,0.0055806004,0.10651456,0.026249556,0.8547706
New York City Subway,0.69149816,0.0148422625,4.7330427e-06,0.04698584,0.010871879,0.2357971
Ed Sullivan Theater,0.018765714,0.018600017,0.0045974576,0.15699197,2.8203416e-05,0.8010166
Upper East Side,0.35514113,0.17526521,0.001854292,0.2243797,0.24004233,0.0033173533
Theodore Roosevelt Birthplace National Historic Site,0.034793325,0.0050970623,4.271877e-06,0.85870653,0.10138064,1.8106855e-05
Pip's Island,2.5313793e-05,0.0073292353,6.6095436e-06,0.23820913,3.9292107e-05,0.7543904
TriBeCa,0.21301909,0.49134174,7.1384e-06,0.11845321,0.13997173,0.037207108
Battery Park,0.043893024,0.12071481,0.006798446,0.11489433,0.6942161,0.019483265
The Dakota,0.24181952,0.04608603,6.8693066e-06,0.5121075,0.16095608,0.03902401
Jacob Javits Convention Center,0.17812662,0.13737991,0.14285551,0.086678304,0.018220283,0.4367394
Seaport District NYC,0.04972627,0.49796614,5.7518077e-06,0.1303017,0.22016388,0.10183626
Bow Bridge,9.0703434e-05,8.5111875e-05,2.368307e-05,0.09675101,0.87603736,0.027012099
General Grant National Memorial,0.08088029,1.6324868e-05,0.0047465,0.5602282,0.33984637,0.01428231
Queensboro Bridge,0.20104887,0.06989631,6.266158e-06,0.11218451,0.58845085,0.028413178
Irish Hunger Memorial,0.13096544,0.058803704,0.045665815,0.3238918,0.4406491,2.418117e-05
Love Sculpture,0.065841325,0.11259201,0.0013283395,0.24682853,0.52923924,0.044170555
Marquis Theatre,0.014429002,1.9994275e-05,0.032998394,0.03347856,3.307502e-05,0.919041
Stephen Sondheim Theatre,5.1260366e-05,1.9944166e-05,5.5496303e-06,0.054866694,3.2991447e-05,0.94502354
New York Stock Exchange,0.27799398,0.05880458,0.0017639911,0.5270056,0.07951142,0.054920428
African Burial Ground National Monument,0.026117707,1.82916e-05,5.0897893e-06,0.8233065,0.14566502,0.0048874123
Walter Kerr Theater,0.004675712,1.696698e-05,0.014271801,0.060006082,2.8065682e-05,0.9210014
NYC Ferry,0.30038986,0.15390356,5.560124e-06,0.017013364,0.26908875,0.25959894
Federal Hall,0.12169063,2.1902906e-05,6.094666e-06,0.74298537,0.13348748,0.0018085787
Bethesda Terrace,0.14041483,0.011686734,1.7530092e-05,0.098851115,0.6189456,0.13008422
Hamilton Grange National Memorial,0.055395804,1.345377e-05,0.003518429,0.7618556,0.055581,0.123635694
Balto Statue,7.172311e-05,0.081914954,1.8727218e-05,0.26737103,0.6129206,0.037702978
Unisphere,3.239693e-05,3.039974e-05,8.458978e-06,0.26599807,0.5191314,0.21479928
Studio 54,0.03210569,1.9645979e-05,5.4666566e-06,0.1021777,0.012222222,0.85346925
Imperial Theatre,0.036771286,0.012206002,0.0038752733,0.06777584,2.6024918e-05,0.8793456
Lower East Side,0.21151018,0.5101178,0.006343857,0.22995244,0.019400457,0.022675216
Children's Museum of Manhattan,2.0819118e-05,0.09721984,5.435964e-06,0.40932503,0.026154963,0.4672739
Fraunces Tavern Museum,0.0214653,0.22783332,0.0035581435,0.72613376,2.8495286e-05,0.020980962
Penn Station,0.6487417,0.05364835,0.0029268812,0.041957874,0.03345639,0.21926877
Alice in Wonderland Statue,2.9002807e-05,2.7214874e-05,7.5727626e-06,0.2425623,0.66262424,0.09474973
Ripley's Believe It or Not! Times Square,2.7406195e-05,0.076347955,7.155878e-06,0.518496,0.07828804,0.32683343
Columbus Circle,0.38340372,0.17638198,6.9543353e-06,0.04334918,0.34967023,0.0471879
Herald Square,0.3580688,0.20597975,6.2187337e-06,0.020774791,0.35817194,0.056998465
Gerald Schoenfeld Theatre,2.0189394e-05,0.00614389,5.271538e-06,0.11693902,0.004381322,0.8725103
The Shops & Restaurants at Hudson Yards,0.24397323,0.35223365,0.013399014,0.1788287,0.10880921,0.1027562
Hudson Theatre,2.3335502e-05,2.1896923e-05,0.0218981,0.17872138,0.0061690896,0.79316616
The Shops at Columbus Circle,0.36721095,0.42426234,6.207114e-06,0.047397822,0.09033194,0.07079076
Park Avenue,0.42669284,0.09678248,0.0048887315,0.05788957,0.37575006,0.03799629
Trump Tower,0.28231153,0.18767788,7.5770786e-06,0.24985924,0.16526283,0.11488097
The Met Breuer,0.051775075,0.057438824,4.796228e-06,0.7967438,0.021624988,0.07241246
Museum of Sex,2.2051076e-05,0.049171574,5.7576335e-06,0.43264705,3.4229426e-05,0.51811934
St Joseph's Chapel Catholic Memorial at Ground Zero,0.07811453,3.3860353e-05,9.421923e-06,0.578273,0.34352925,3.9935945e-05
Lunt-Fontanne Theatre,0.0071059694,0.012008084,5.4134066e-06,0.03430857,3.2182725e-05,0.94653976
Shubert Theatre,0.0023204398,1.9804806e-05,0.005955437,0.15611017,0.023358487,0.81223565
Al Hirschfeld Theatre,0.015743898,1.8468072e-05,5.138894e-06,0.07024597,0.0064240084,0.90756255
Charging Bull (Wall Street Bull),0.059228852,0.037379585,6.736276e-06,0.24471173,0.33779705,0.32087603
St James Theatre,0.019622995,1.7570577e-05,4.889159e-06,0.05773226,2.9066041e-05,0.9225932
Century 21,0.34060535,0.32498473,6.775363e-06,0.12989813,4.0277955e-05,0.20446476
Bethel Gospel Assembly,0.40812492,6.224275e-05,1.731956e-05,0.13747546,0.000102958176,0.45421708
Central Park Zoo,1.9845214e-05,0.07901685,5.1816737e-06,0.10895581,0.5457124,0.26628995
Wall Street,0.24743304,0.05530004,0.002178947,0.3209447,0.2047907,0.16935256
Federal Reserve Bank of New York,0.04836748,0.0049682474,4.7674675e-06,0.8645824,2.8340171e-05,0.082048774
The Museum at FIT,0.07141516,0.011683253,0.0017781515,0.8465728,0.025696883,0.042853743
New York Harbor,0.056235064,0.18392193,7.003289e-06,0.09102032,0.6363613,0.0324544
"Cooper Hewitt, Smithsonian Design Museum",0.003773738,0.033571765,5.3496465e-06,0.8455849,0.033789437,0.083274804
Pier 17,2.810149e-05,0.28428873,7.337422e-06,0.033037994,0.26904714,0.41359073
NFL Experience Times Square,1.8272827e-05,0.04184308,0.0025833545,0.29289165,2.8363052e-05,0.6626353
New York City Fire Museum,0.02532197,0.01739011,5.6962135e-06,0.86728555,0.008854364,0.08114232
National Museum of the American Indian,0.038426597,0.024291273,5.280857e-06,0.8554717,0.04027827,0.04152689
Little Italy,0.07610502,0.818606,0.0014017256,0.061382137,0.0125009045,0.030004201
Westfield World Trade Center,0.5087264,0.16089153,6.9636135e-06,0.19087985,0.12323799,0.016257292
Chinatown,0.09873045,0.75404483,6.630645e-06,0.06806396,0.03868593,0.040468164
Merchant's House Museum,0.034763943,0.025900586,0.0013268909,0.8642578,0.0069822483,0.06676848
Hayden Planetarium,1.9746274e-05,0.00089928246,5.155837e-06,0.50531435,0.020565778,0.47319567
The Jewish Museum,0.004046011,0.041947227,6.006603e-06,0.79466337,3.5705758e-05,0.1593017
Richard Rodgers Theatre,1.747144e-05,1.6394368e-05,4.561869e-06,0.083515465,0.004126836,0.9123193
New World Stages,0.022125863,1.8176579e-05,5.0577837e-06,0.03959156,3.0067049e-05,0.9382293
St. Thomas Church,0.7482021,2.309467e-05,6.426284e-06,0.15827458,0.0299918,0.06350202
Riverside Park,0.023067258,0.04564499,0.023332773,0.039110553,0.81509995,0.0537445
Stone Street Historic District,0.17123762,0.5656314,5.9950135e-06,0.036068562,0.19866881,0.028387634
Solomon R. Guggenheim Museum,0.020712847,0.0044544833,0.019481855,0.8589032,0.018844003,0.0776036
Broadway Theatre,2.0254645e-05,1.900599e-05,0.0024829626,0.09805396,0.019927476,0.87949634
Winter Garden Theatre,2.4648769e-05,0.0029398426,0.014125936,0.022941496,0.029159829,0.9308082
Governors Island National Monument,0.0076924865,0.18841098,4.33676e-06,0.15903313,0.55821276,0.08664632
Color Factory,2.0097921e-05,0.16782793,5.247656e-06,0.33878458,0.026913911,0.46644825
Chelsea,0.14177153,0.6339235,6.913004e-06,0.08562047,0.088589184,0.05008838
Madison Square Park,0.15777524,0.15767904,6.2930567e-06,0.05124678,0.5697888,0.06350378
Times Square Church,0.5951791,3.0360537e-05,8.448073e-06,0.14772634,5.02217e-05,0.25700557
Rubin Museum of Art,0.033122927,0.0675363,5.1347365e-06,0.85926324,0.007991707,0.032080747
Jazz at Lincoln Center,0.04777005,0.030087307,0.035857737,0.0897829,0.03947459,0.7570274
KGB Espionage Museum,0.0045686783,2.0771931e-05,5.7799616e-06,0.8689692,3.4359742e-05,0.12640123
42nd Street,0.3272174,0.24258037,5.8940723e-06,0.09498165,0.13347837,0.2017363
Manhattan Bridge,0.17450844,0.18919404,6.7295127e-06,0.04130263,0.5949596,2.8523817e-05
Fort Tryon Park,0.12342453,0.027493747,0.011656379,0.17450653,0.6524014,0.0105174
Cathedral Church of Saint John the Divine,0.4444401,1.8342429e-05,0.001564233,0.33743316,0.09753892,0.11900528
Bethesda Fountain,0.07702029,0.010076791,7.2270664e-06,0.08754771,0.75736,0.06798799
Conservatory Garden,0.048848998,0.007968521,6.169772e-06,0.105449185,0.8250183,0.012708846
Meatpacking District,0.18615042,0.60179704,6.644088e-06,0.037812866,0.11536273,0.058870267
Upper West Side,0.2670092,0.3337242,0.006499361,0.09584431,0.23537281,0.061550107
Columbia University,0.15779488,0.03947501,0.22371511,0.2557527,0.21357255,0.10968974
World Trade Center's Liberty Park,0.02890762,0.0019441061,8.112608e-06,0.5564658,0.3805827,0.032091636
Beacon Theatre,0.0826896,1.9105588e-05,0.005148314,0.056919824,0.0056601865,0.849563
Sea Glass Carousel,0.02790516,0.08841852,0.0018097972,0.07018773,0.33811215,0.47356665
"Strawberry Fields, John Lennon Memorial",0.11074918,0.07543686,6.49184e-06,0.29314023,0.34960943,0.17105776
Trinity Church,0.42721578,2.077442e-05,0.0015493383,0.34411865,0.17961615,0.047479313
Union Square,0.09730175,0.5353568,0.0008744873,0.02274342,0.29513845,0.04858508
Macy's Thanksgiving Day Parade,0.0832901,0.021545973,0.0010269561,0.050990894,0.20584317,0.63730294
Hudson River Park,0.030347478,0.12529798,0.02932815,0.032196518,0.75008935,0.03274055
World Trade Center Station (PATH),0.5548872,0.03679049,8.133363e-06,0.24579316,0.14271742,0.019803612
GhostBusters Firestation,0.2969799,0.0359071,7.647565e-06,0.4074381,0.09089347,0.16877377
Lower Manhattan,0.26680773,0.26585212,6.3212324e-06,0.15713741,0.27170685,0.038489554
Grand Central Market,0.12245198,0.7818665,0.004877514,0.035922185,0.012331392,0.042550452
Museum of Ice Cream,3.6800804e-05,0.58676547,9.60885e-06,0.18333082,0.043642666,0.18621463
New Amsterdam Theater,0.04051978,1.7055749e-05,4.745904e-06,0.06725015,2.8214215e-05,0.89218
Saks Fifth Avenue,0.38299885,0.053431835,0.007164751,0.12060044,0.020374794,0.41542932
Brookfield Place,0.1548424,0.50111395,0.015567007,0.025186656,0.2666702,0.036619745
Lyric Theatre,0.011027288,1.5670417e-05,0.017892642,0.07147207,2.5922192e-05,0.8995664
Museum of the City of New York,0.052879103,0.04751948,0.0037121088,0.8132807,0.028604647,0.05400397
Minskoff Theatre,2.5217285e-05,2.3662698e-05,6.5843415e-06,0.014330816,0.076973036,0.90864074
Union Square Green Market,0.0331776,0.83432406,5.22334e-06,0.009211889,0.0859125,0.037368707
St. Patrick's Old Cathedral,0.4423286,2.3443888e-05,0.0004291232,0.53833824,3.8779486e-05,0.018841747
Gershwin Theater,2.0640211e-05,0.002400796,0.0018467694,0.032739356,0.003543098,0.95944935
St. Paul's Chapel,0.52702755,2.1049354e-05,5.8571577e-06,0.32181457,0.12093276,0.030198194
Harlem,0.17408177,0.2497377,5.911631e-06,0.21801385,0.034601822,0.32355893
Museum at Eldridge Street,0.2280993,0.026987609,6.1548967e-06,0.7410455,3.6588823e-05,0.0038248515
Times Square,0.07686709,0.23809995,6.6955017e-06,0.052909307,0.26376352,0.3683535
SeaGlass Carousel at The Battery,0.022253435,0.1461546,0.0038925647,0.08553999,0.6454548,0.096704565
Kings County Distillery,2.425737e-05,0.38488206,0.10367653,0.45693496,3.764924e-05,0.054444514
Spyscape,2.0116191e-05,0.011996558,5.2524265e-06,0.6626473,3.1222702e-05,0.32529956
Majestic Theatre,1.9072884e-05,1.7897084e-05,0.011354708,0.038161434,0.0088007385,0.9416461
Museum of Jewish Heritage,0.0061498466,0.006401943,5.1413444e-06,0.93460566,0.015329713,0.037507705
One World Trade Center,0.10204511,0.042944882,0.0020063033,0.32281628,0.17060274,0.35958472
Macy's Herald Square,0.49481937,0.11222693,6.063197e-06,0.17997006,3.6043293e-05,0.21294153
Lincoln Center for the Performing Arts,0.029246284,0.005949399,0.08182787,0.26509476,0.06168635,0.5561953
Woolworth Building,0.21654128,2.0460071e-05,5.693185e-06,0.77687734,0.0065310686,2.4131234e-05
Neue Galerie,0.0339772,0.059522912,0.0020283796,0.8348234,2.8949651e-05,0.06961918
Whitney Museum of American Art,0.011862022,0.061998937,0.0021027904,0.81948483,0.043038994,0.06151245
Apollo Theater,2.0255378e-05,0.018489754,5.288767e-06,0.2059948,0.0040637553,0.77142614
Ellis Island Immigration Museum,2.1496191e-05,0.092371844,5.6127487e-06,0.7645713,0.11472272,0.028306978
Ground Zero Museum Workshop,0.0033382971,0.007896518,4.8045235e-06,0.86793673,0.0040774695,0.116746224
The Vessel,0.07107682,0.058222804,0.00037355532,0.3611613,0.28679952,0.22236603
Roosevelt Island,0.16468012,0.0576472,0.011298942,0.119455755,0.6468968,2.115786e-05
United Nations Headquarters,0.029133296,1.6457669e-05,0.0005334285,0.8958458,0.013202395,0.061268687
Rockefeller Center Christmas Tree,0.091979675,0.016085973,0.022778224,0.084390014,0.48894864,0.29581743
Chrysler Building,0.5395702,2.6760326e-05,7.446284e-06,0.3676464,0.0788135,0.013935682
Washington Square Park,0.02828115,0.25970396,0.018747155,0.0541154,0.53211385,0.10703851
New-York Historical Society Museum & Library,0.074081644,0.04125782,0.008005714,0.8192633,0.0150178,0.04237375
West Village,0.19963421,0.52701443,6.69763e-06,0.09825379,0.14446814,0.030622657
Fifth Avenue,0.58539045,0.17716919,0.0055890162,0.06860374,0.10912094,0.05412666
Tenement Museum,0.04794241,0.039924756,4.3554205e-06,0.85925305,2.5891113e-05,0.052849557
SoHo,0.36592627,0.50264937,7.1869727e-06,0.05009987,0.03150835,0.04980891
The Morgan Library & Museum,0.123027906,0.025036834,0.022089226,0.8007802,3.5620546e-05,0.029030243
Flatiron Building,0.40848204,0.035044342,7.5854605e-06,0.24419485,0.28412893,0.02814222
World Trade Center Memorial Foundation,0.0051296926,2.6654028e-05,7.4167046e-06,0.70682245,0.2646816,0.023332149
Frick Collection,0.034162346,0.0062035793,0.0010405568,0.89501804,0.026413938,0.037161533
Christmas Spectacular Starring the Radio City Rockettes,0.011911714,1.983117e-05,0.00066087075,0.09107122,3.280493e-05,0.8963036
Staten Island Ferry,0.17694168,0.12664858,6.732153e-06,0.06418307,0.5661913,0.06602857
Broadway,0.017854718,0.023915667,0.0010935927,0.14242902,0.020318849,0.7943881
The Museum of Modern Art (MoMA),0.030996848,0.020315375,0.0017846322,0.85983706,0.015385577,0.07168051
Radio City Music Hall,0.035135392,2.1034006e-05,0.0038700176,0.21669742,3.4793855e-05,0.74424136
Rockefeller Center,0.16106497,0.0993669,0.04831155,0.13042991,0.34427002,0.21655667
The Met Cloisters,0.22287057,0.0107262265,0.0017478403,0.5790439,0.17644623,0.00916526
Grand Central Terminal,0.4594253,0.19705302,7.2146004e-06,0.28506702,0.023336798,0.03511064
The High Line,0.14581534,0.14907798,6.103133e-06,0.09904037,0.57052326,0.03553693
Statue of Liberty,2.2782951e-05,0.057866868,5.948728e-06,0.40109876,0.36144122,0.1795644
Manhattan Skyline,0.113439605,0.069151446,0.0022654994,0.15387376,0.58980364,0.07146613
Brooklyn Bridge,0.07200906,0.21916667,6.7115325e-06,0.06850559,0.6402835,2.8447615e-05
One World Observatory,0.062016305,2.3915094e-05,6.654573e-06,0.33519158,0.18662831,0.41613325
Top of the Rock,0.046374995,2.57698e-05,0.008247941,0.23959735,0.35460183,0.35115212
Empire State Building,0.10414646,0.0042731646,0.001174966,0.41173327,0.15481614,0.32385603
The Metropolitan Museum of Art,0.0064895432,0.06874993,6.208059e-06,0.8486526,0.01582085,0.06028084
Central Park,0.035514783,0.042081606,6.8796035e-06,0.068843186,0.7814916,0.072062
